[{
    "name": "India",
    "states": [
        {
          "name": "Maharashtra",
          "cities": [
            "Mumbai",
            "Pune",
            "Nagpur",
            "Thane",
            "Nashik",
            "Kalyan-Dombivali",
            "Vasai-Virar",
            "Solapur",
            "Mira-Bhayandar",
            "Bhiwandi",
            "Amravati",
            "Nanded-Waghala",
            "Sangli",
            "Malegaon",
            "Akola",
            "Latur",
            "Dhule",
            "Ahmednagar",
            "Ichalkaranji",
            "Parbhani",
            "Panvel",
            "Yavatmal",
            "Achalpur",
            "Osmanabad",
            "Nandurbar",
            "Satara",
            "Wardha",
            "Udgir",
            "Aurangabad",
            "Amalner",
            "Akot",
            "Pandharpur",
            "Shrirampur",
            "Parli",
            "Washim",
            "Ambejogai",
            "Manmad",
            "Ratnagiri",
            "Uran Islampur",
            "Pusad",
            "Sangamner",
            "Shirpur-Warwade",
            "Malkapur",
            "Wani",
            "Lonavla",
            "Talegaon Dabhade",
            "Anjangaon",
            "Umred",
            "Palghar",
            "Shegaon",
            "Ozar",
            "Phaltan",
            "Yevla",
            "Shahade",
            "Vita",
            "Umarkhed",
            "Warora",
            "Pachora",
            "Tumsar",
            "Manjlegaon",
            "Sillod",
            "Arvi",
            "Nandura",
            "Vaijapur",
            "Wadgaon Road",
            "Sailu",
            "Murtijapur",
            "Tasgaon",
            "Mehkar",
            "Yawal",
            "Pulgaon",
            "Nilanga",
            "Wai",
            "Umarga",
            "Paithan",
            "Rahuri",
            "Nawapur",
            "Tuljapur",
            "Morshi",
            "Purna",
            "Satana",
            "Pathri",
            "Sinnar",
            "Uchgaon",
            "Uran",
            "Pen",
            "Karjat",
            "Manwath",
            "Partur",
            "Sangole",
            "Mangrulpir",
            "Risod",
            "Shirur",
            "Savner",
            "Sasvad",
            "Pandharkaoda",
            "Talode",
            "Shrigonda",
            "Shirdi",
            "Raver",
            "Mukhed",
            "Rajura",
            "Vadgaon Kasba",
            "Tirora",
            "Mahad",
            "Lonar",
            "Sawantwadi",
            "Pathardi",
            "Pauni",
            "Ramtek",
            "Mul",
            "Soyagaon",
            "Mangalvedhe",
            "Narkhed",
            "Shendurjana",
            "Patur",
            "Mhaswad",
            "Loha",
            "Nandgaon",
            "Warud"
          ]
        },
        {
          "name": "Delhi",
          "cities": [
            "Delhi",
            "New Delhi"
          ]
        },
        {
          "name": "Karnataka",
          "cities": [
            "Bengaluru",
            "Hubli-Dharwad",
            "Belagavi",
            "Mangaluru",
            "Davanagere",
            "Ballari",
            "Tumkur",
            "Shivamogga",
            "Raayachuru",
            "Robertson Pet",
            "Kolar",
            "Mandya",
            "Udupi",
            "Chikkamagaluru",
            "Karwar",
            "Ranebennuru",
            "Ranibennur",
            "Ramanagaram",
            "Gokak",
            "Yadgir",
            "Rabkavi Banhatti",
            "Shahabad",
            "Sirsi",
            "Sindhnur",
            "Tiptur",
            "Arsikere",
            "Nanjangud",
            "Sagara",
            "Sira",
            "Puttur",
            "Athni",
            "Mulbagal",
            "Surapura",
            "Siruguppa",
            "Mudhol",
            "Sidlaghatta",
            "Shahpur",
            "Saundatti-Yellamma",
            "Wadi",
            "Manvi",
            "Nelamangala",
            "Lakshmeshwar",
            "Ramdurg",
            "Nargund",
            "Tarikere",
            "Malavalli",
            "Savanur",
            "Lingsugur",
            "Vijayapura",
            "Sankeshwara",
            "Madikeri",
            "Talikota",
            "Sedam",
            "Shikaripur",
            "Mahalingapura",
            "Mudalagi",
            "Muddebihal",
            "Pavagada",
            "Malur",
            "Sindhagi",
            "Sanduru",
            "Afzalpur",
            "Maddur",
            "Madhugiri",
            "Tekkalakote",
            "Terdal",
            "Mudabidri",
            "Magadi",
            "Navalgund",
            "Shiggaon",
            "Shrirangapattana",
            "Sindagi",
            "Sakaleshapura",
            "Srinivaspur",
            "Ron",
            "Mundargi",
            "Sadalagi",
            "Piriyapatna",
            "Adyar"
          ]
        },
        {
          "name": "Gujarat",
          "cities": [
            "Ahmedabad",
            "Surat",
            "Vadodara",
            "Rajkot",
            "Bhavnagar",
            "Jamnagar",
            "Nadiad",
            "Porbandar",
            "Anand",
            "Morvi",
            "Mahesana",
            "Bharuch",
            "Vapi",
            "Navsari",
            "Veraval",
            "Bhuj",
            "Godhra",
            "Palanpur",
            "Valsad",
            "Patan",
            "Deesa",
            "Amreli",
            "Anjar",
            "Dhoraji",
            "Khambhat",
            "Mahuva",
            "Keshod",
            "Wadhwan",
            "Ankleshwar",
            "Savarkundla",
            "Kadi",
            "Visnagar",
            "Upleta",
            "Una",
            "Sidhpur",
            "Unjha",
            "Mangrol",
            "Viramgam",
            "Modasa",
            "Palitana",
            "Petlad",
            "Kapadvanj",
            "Sihor",
            "Wankaner",
            "Limbdi",
            "Mandvi",
            "Thangadh",
            "Vyara",
            "Padra",
            "Lunawada",
            "Rajpipla",
            "Vapi",
            "Umreth",
            "Sanand",
            "Rajula",
            "Radhanpur",
            "Mahemdabad",
            "Ranavav",
            "Tharad",
            "Mansa",
            "Umbergaon",
            "Talaja",
            "Vadnagar",
            "Manavadar",
            "Salaya",
            "Vijapur",
            "Pardi",
            "Rapar",
            "Songadh",
            "Lathi",
            "Adalaj",
            "Chhapra"
          ]
        },
        {
          "name": "Telangana",
          "cities": [
            "Hyderabad",
            "Warangal",
            "Nizamabad",
            "Karimnagar",
            "Ramagundam",
            "Khammam",
            "Mahbubnagar",
            "Mancherial",
            "Adilabad",
            "Suryapet",
            "Jagtial",
            "Miryalaguda",
            "Nirmal",
            "Kamareddy",
            "Kothagudem",
            "Bodhan",
            "Palwancha",
            "Mandamarri",
            "Koratla",
            "Sircilla",
            "Tandur",
            "Siddipet",
            "Wanaparthy",
            "Kagaznagar",
            "Gadwal",
            "Sangareddy",
            "Bellampalle",
            "Bhongir",
            "Vikarabad",
            "Jangaon",
            "Bhadrachalam",
            "Bhainsa",
            "Farooqnagar",
            "Medak",
            "Narayanpet",
            "Sadasivpet",
            "Yellandu",
            "Manuguru",
            "Kyathampalle",
            "Nagarkurnool"
          ]
        },
        {
          "name": "Tamil Nadu",
          "cities": [
            "Chennai",
            "Coimbatore",
            "Madurai",
            "Tiruchirappalli",
            "Salem",
            "Tirunelveli",
            "Tiruppur",
            "Ranipet",
            "Nagercoil",
            "Thanjavur",
            "Vellore",
            "Kancheepuram",
            "Erode",
            "Tiruvannamalai",
            "Pollachi",
            "Rajapalayam",
            "Sivakasi",
            "Pudukkottai",
            "Neyveli (TS)",
            "Nagapattinam",
            "Viluppuram",
            "Tiruchengode",
            "Vaniyambadi",
            "Theni Allinagaram",
            "Udhagamandalam",
            "Aruppukkottai",
            "Paramakudi",
            "Arakkonam",
            "Virudhachalam",
            "Srivilliputhur",
            "Tindivanam",
            "Virudhunagar",
            "Karur",
            "Valparai",
            "Sankarankovil",
            "Tenkasi",
            "Palani",
            "Pattukkottai",
            "Tirupathur",
            "Ramanathapuram",
            "Udumalaipettai",
            "Gobichettipalayam",
            "Thiruvarur",
            "Thiruvallur",
            "Panruti",
            "Namakkal",
            "Thirumangalam",
            "Vikramasingapuram",
            "Nellikuppam",
            "Rasipuram",
            "Tiruttani",
            "Nandivaram-Guduvancheri",
            "Periyakulam",
            "Pernampattu",
            "Vellakoil",
            "Sivaganga",
            "Vadalur",
            "Rameshwaram",
            "Tiruvethipuram",
            "Perambalur",
            "Usilampatti",
            "Vedaranyam",
            "Sathyamangalam",
            "Puliyankudi",
            "Nanjikottai",
            "Thuraiyur",
            "Sirkali",
            "Tiruchendur",
            "Periyasemur",
            "Sattur",
            "Vandavasi",
            "Tharamangalam",
            "Tirukkoyilur",
            "Oddanchatram",
            "Palladam",
            "Vadakkuvalliyur",
            "Tirukalukundram",
            "Uthamapalayam",
            "Surandai",
            "Sankari",
            "Shenkottai",
            "Vadipatti",
            "Sholingur",
            "Tirupathur",
            "Manachanallur",
            "Viswanatham",
            "Polur",
            "Panagudi",
            "Uthiramerur",
            "Thiruthuraipoondi",
            "Pallapatti",
            "Ponneri",
            "Lalgudi",
            "Natham",
            "Unnamalaikadai",
            "P.N.Patti",
            "Tharangambadi",
            "Tittakudi",
            "Pacode",
            "O' Valley",
            "Suriyampalayam",
            "Sholavandan",
            "Thammampatti",
            "Namagiripettai",
            "Peravurani",
            "Parangipettai",
            "Pudupattinam",
            "Pallikonda",
            "Sivagiri",
            "Punjaipugalur",
            "Padmanabhapuram",
            "Thirupuvanam"
          ]
        },
        {
          "name": "West Bengal",
          "cities": [
            "Kolkata",
            "Siliguri",
            "Asansol",
            "Raghunathganj",
            "Kharagpur",
            "Naihati",
            "English Bazar",
            "Baharampur",
            "Hugli-Chinsurah",
            "Raiganj",
            "Jalpaiguri",
            "Santipur",
            "Balurghat",
            "Medinipur",
            "Habra",
            "Ranaghat",
            "Bankura",
            "Nabadwip",
            "Darjiling",
            "Purulia",
            "Arambagh",
            "Tamluk",
            "AlipurdUrban Agglomerationr",
            "Suri",
            "Jhargram",
            "Gangarampur",
            "Rampurhat",
            "Kalimpong",
            "Sainthia",
            "Taki",
            "Murshidabad",
            "Memari",
            "Paschim Punropara",
            "Tarakeswar",
            "Sonamukhi",
            "PandUrban Agglomeration",
            "Mainaguri",
            "Malda",
            "Panchla",
            "Raghunathpur",
            "Mathabhanga",
            "Monoharpur",
            "Srirampore",
            "Adra"
          ]
        },
        {
          "name": "Rajasthan",
          "cities": [
            "Jaipur",
            "Jodhpur",
            "Bikaner",
            "Udaipur",
            "Ajmer",
            "Bhilwara",
            "Alwar",
            "Bharatpur",
            "Pali",
            "Barmer",
            "Sikar",
            "Tonk",
            "Sadulpur",
            "Sawai Madhopur",
            "Nagaur",
            "Makrana",
            "Sujangarh",
            "Sardarshahar",
            "Ladnu",
            "Ratangarh",
            "Nokha",
            "Nimbahera",
            "Suratgarh",
            "Rajsamand",
            "Lachhmangarh",
            "Rajgarh (Churu)",
            "Nasirabad",
            "Nohar",
            "Phalodi",
            "Nathdwara",
            "Pilani",
            "Merta City",
            "Sojat",
            "Neem-Ka-Thana",
            "Sirohi",
            "Pratapgarh",
            "Rawatbhata",
            "Sangaria",
            "Lalsot",
            "Pilibanga",
            "Pipar City",
            "Taranagar",
            "Vijainagar, Ajmer",
            "Sumerpur",
            "Sagwara",
            "Ramganj Mandi",
            "Lakheri",
            "Udaipurwati",
            "Losal",
            "Sri Madhopur",
            "Ramngarh",
            "Rawatsar",
            "Rajakhera",
            "Shahpura",
            "Shahpura",
            "Raisinghnagar",
            "Malpura",
            "Nadbai",
            "Sanchore",
            "Nagar",
            "Rajgarh (Alwar)",
            "Sheoganj",
            "Sadri",
            "Todaraisingh",
            "Todabhim",
            "Reengus",
            "Rajaldesar",
            "Sadulshahar",
            "Sambhar",
            "Prantij",
            "Mount Abu",
            "Mangrol",
            "Phulera",
            "Mandawa",
            "Pindwara",
            "Mandalgarh",
            "Takhatgarh"
          ]
        },
        {
          "name": "Uttar Pradesh",
          "cities": [
            "Lucknow",
            "Kanpur",
            "Firozabad",
            "Agra",
            "Meerut",
            "Varanasi",
            "Allahabad",
            "Amroha",
            "Moradabad",
            "Aligarh",
            "Saharanpur",
            "Noida",
            "Loni",
            "Jhansi",
            "Shahjahanpur",
            "Rampur",
            "Modinagar",
            "Hapur",
            "Etawah",
            "Sambhal",
            "Orai",
            "Bahraich",
            "Unnao",
            "Rae Bareli",
            "Lakhimpur",
            "Sitapur",
            "Lalitpur",
            "Pilibhit",
            "Chandausi",
            "Hardoi ",
            "Azamgarh",
            "Khair",
            "Sultanpur",
            "Tanda",
            "Nagina",
            "Shamli",
            "Najibabad",
            "Shikohabad",
            "Sikandrabad",
            "Shahabad, Hardoi",
            "Pilkhuwa",
            "Renukoot",
            "Vrindavan",
            "Ujhani",
            "Laharpur",
            "Tilhar",
            "Sahaswan",
            "Rath",
            "Sherkot",
            "Kalpi",
            "Tundla",
            "Sandila",
            "Nanpara",
            "Sardhana",
            "Nehtaur",
            "Seohara",
            "Padrauna",
            "Mathura",
            "Thakurdwara",
            "Nawabganj",
            "Siana",
            "Noorpur",
            "Sikandra Rao",
            "Puranpur",
            "Rudauli",
            "Thana Bhawan",
            "Palia Kalan",
            "Zaidpur",
            "Nautanwa",
            "Zamania",
            "Shikarpur, Bulandshahr",
            "Naugawan Sadat",
            "Fatehpur Sikri",
            "Shahabad, Rampur",
            "Robertsganj",
            "Utraula",
            "Sadabad",
            "Rasra",
            "Lar",
            "Lal Gopalganj Nindaura",
            "Sirsaganj",
            "Pihani",
            "Shamsabad, Agra",
            "Rudrapur",
            "Soron",
            "SUrban Agglomerationr",
            "Samdhan",
            "Sahjanwa",
            "Rampur Maniharan",
            "Sumerpur",
            "Shahganj",
            "Tulsipur",
            "Tirwaganj",
            "PurqUrban Agglomerationzi",
            "Shamsabad, Farrukhabad",
            "Warhapur",
            "Powayan",
            "Sandi",
            "Achhnera",
            "Naraura",
            "Nakur",
            "Sahaspur",
            "Safipur",
            "Reoti",
            "Sikanderpur",
            "Saidpur",
            "Sirsi",
            "Purwa",
            "Parasi",
            "Lalganj",
            "Phulpur",
            "Shishgarh",
            "Sahawar",
            "Samthar",
            "Pukhrayan",
            "Obra",
            "Niwai"
          ]
        },
        {
          "name": "Bihar",
          "cities": [
            "Patna",
            "Gaya",
            "Bhagalpur",
            "Muzaffarpur",
            "Darbhanga",
            "Arrah",
            "Begusarai",
            "Chhapra",
            "Katihar",
            "Munger",
            "Purnia",
            "Saharsa",
            "Sasaram",
            "Hajipur",
            "Dehri-on-Sone",
            "Bettiah",
            "Motihari",
            "Bagaha",
            "Siwan",
            "Kishanganj",
            "Jamalpur",
            "Buxar",
            "Jehanabad",
            "Aurangabad",
            "Lakhisarai",
            "Nawada",
            "Jamui",
            "Sitamarhi",
            "Araria",
            "Gopalganj",
            "Madhubani",
            "Masaurhi",
            "Samastipur",
            "Mokameh",
            "Supaul",
            "Dumraon",
            "Arwal",
            "Forbesganj",
            "BhabUrban Agglomeration",
            "Narkatiaganj",
            "Naugachhia",
            "Madhepura",
            "Sheikhpura",
            "Sultanganj",
            "Raxaul Bazar",
            "Ramnagar",
            "Mahnar Bazar",
            "Warisaliganj",
            "Revelganj",
            "Rajgir",
            "Sonepur",
            "Sherghati",
            "Sugauli",
            "Makhdumpur",
            "Maner",
            "Rosera",
            "Nokha",
            "Piro",
            "Rafiganj",
            "Marhaura",
            "Mirganj",
            "Lalganj",
            "Murliganj",
            "Motipur",
            "Manihari",
            "Sheohar",
            "Maharajganj",
            "Silao",
            "Barh",
            "Asarganj"
          ]
        },
        {
          "name": "Madhya Pradesh",
          "cities": [
            "Indore",
            "Bhopal",
            "Jabalpur",
            "Gwalior",
            "Ujjain",
            "Sagar",
            "Ratlam",
            "Satna",
            "Murwara (Katni)",
            "Morena",
            "Singrauli",
            "Rewa",
            "Vidisha",
            "Ganjbasoda",
            "Shivpuri",
            "Mandsaur",
            "Neemuch",
            "Nagda",
            "Itarsi",
            "Sarni",
            "Sehore",
            "Mhow Cantonment",
            "Seoni",
            "Balaghat",
            "Ashok Nagar",
            "Tikamgarh",
            "Shahdol",
            "Pithampur",
            "Alirajpur",
            "Mandla",
            "Sheopur",
            "Shajapur",
            "Panna",
            "Raghogarh-Vijaypur",
            "Sendhwa",
            "Sidhi",
            "Pipariya",
            "Shujalpur",
            "Sironj",
            "Pandhurna",
            "Nowgong",
            "Mandideep",
            "Sihora",
            "Raisen",
            "Lahar",
            "Maihar",
            "Sanawad",
            "Sabalgarh",
            "Umaria",
            "Porsa",
            "Narsinghgarh",
            "Malaj Khand",
            "Sarangpur",
            "Mundi",
            "Nepanagar",
            "Pasan",
            "Mahidpur",
            "Seoni-Malwa",
            "Rehli",
            "Manawar",
            "Rahatgarh",
            "Panagar",
            "Wara Seoni",
            "Tarana",
            "Sausar",
            "Rajgarh",
            "Niwari",
            "Mauganj",
            "Manasa",
            "Nainpur",
            "Prithvipur",
            "Sohagpur",
            "Nowrozabad (Khodargama)",
            "Shamgarh",
            "Maharajpur",
            "Multai",
            "Pali",
            "Pachore",
            "Rau",
            "Mhowgaon",
            "Vijaypur",
            "Narsinghgarh"
          ]
        },
        {
          "name": "Andhra Pradesh",
          "cities": [
            "Visakhapatnam",
            "Vijayawada",
            "Guntur",
            "Nellore",
            "Kurnool",
            "Rajahmundry",
            "Kakinada",
            "Tirupati",
            "Anantapur",
            "Kadapa",
            "Vizianagaram",
            "Eluru",
            "Ongole",
            "Nandyal",
            "Machilipatnam",
            "Adoni",
            "Tenali",
            "Chittoor",
            "Hindupur",
            "Proddatur",
            "Bhimavaram",
            "Madanapalle",
            "Guntakal",
            "Dharmavaram",
            "Gudivada",
            "Srikakulam",
            "Narasaraopet",
            "Rajampet",
            "Tadpatri",
            "Tadepalligudem",
            "Chilakaluripet",
            "Yemmiganur",
            "Kadiri",
            "Chirala",
            "Anakapalle",
            "Kavali",
            "Palacole",
            "Sullurpeta",
            "Tanuku",
            "Rayachoti",
            "Srikalahasti",
            "Bapatla",
            "Naidupet",
            "Nagari",
            "Gudur",
            "Vinukonda",
            "Narasapuram",
            "Nuzvid",
            "Markapur",
            "Ponnur",
            "Kandukur",
            "Bobbili",
            "Rayadurg",
            "Samalkot",
            "Jaggaiahpet",
            "Tuni",
            "Amalapuram",
            "Bheemunipatnam",
            "Venkatagiri",
            "Sattenapalle",
            "Pithapuram",
            "Palasa Kasibugga",
            "Parvathipuram",
            "Macherla",
            "Gooty",
            "Salur",
            "Mandapeta",
            "Jammalamadugu",
            "Peddapuram",
            "Punganur",
            "Nidadavole",
            "Repalle",
            "Ramachandrapuram",
            "Kovvur",
            "Tiruvuru",
            "Uravakonda",
            "Narsipatnam",
            "Yerraguntla",
            "Pedana",
            "Puttur",
            "Renigunta",
            "Rajam",
            "Srisailam Project (Right Flank Colony) Township"
          ]
        },
        {
          "name": "Punjab",
          "cities": [
            "Ludhiana",
            "Patiala",
            "Amritsar",
            "Jalandhar",
            "Bathinda",
            "Pathankot",
            "Hoshiarpur",
            "Batala",
            "Moga",
            "Malerkotla",
            "Khanna",
            "Mohali",
            "Barnala",
            "Firozpur",
            "Phagwara",
            "Kapurthala",
            "Zirakpur",
            "Kot Kapura",
            "Faridkot",
            "Muktsar",
            "Rajpura",
            "Sangrur",
            "Fazilka",
            "Gurdaspur",
            "Kharar",
            "Gobindgarh",
            "Mansa",
            "Malout",
            "Nabha",
            "Tarn Taran",
            "Jagraon",
            "Sunam",
            "Dhuri",
            "Firozpur Cantt.",
            "Sirhind Fatehgarh Sahib",
            "Rupnagar",
            "Jalandhar Cantt.",
            "Samana",
            "Nawanshahr",
            "Rampura Phul",
            "Nangal",
            "Nakodar",
            "Zira",
            "Patti",
            "Raikot",
            "Longowal",
            "Urmar Tanda",
            "Morinda, India",
            "Phillaur",
            "Pattran",
            "Qadian",
            "Sujanpur",
            "Mukerian",
            "Talwara"
          ]
        },
        {
          "name": "Haryana",
          "cities": [
            "Faridabad",
            "Gurgaon",
            "Hisar",
            "Rohtak",
            "Panipat",
            "Karnal",
            "Sonipat",
            "Yamunanagar",
            "Panchkula",
            "Bhiwani",
            "Bahadurgarh",
            "Jind",
            "Sirsa",
            "Thanesar",
            "Kaithal",
            "Palwal",
            "Rewari",
            "Hansi",
            "Narnaul",
            "Fatehabad",
            "Gohana",
            "Tohana",
            "Narwana",
            "Mandi Dabwali",
            "Charkhi Dadri",
            "Shahbad",
            "Pehowa",
            "Samalkha",
            "Pinjore",
            "Ladwa",
            "Sohna",
            "Safidon",
            "Taraori",
            "Mahendragarh",
            "Ratia",
            "Rania",
            "Sarsod"
          ]
        },
        {
          "name": "Jammu and Kashmir",
          "cities": [
            "Srinagar",
            "Jammu",
            "Baramula",
            "Anantnag",
            "Sopore",
            "KathUrban Agglomeration",
            "Rajauri",
            "Punch",
            "Udhampur"
          ]
        },
        {
          "name": "Jharkhand",
          "cities": [
            "Dhanbad",
            "Ranchi",
            "Jamshedpur",
            "Bokaro Steel City",
            "Deoghar",
            "Phusro",
            "Adityapur",
            "Hazaribag",
            "Giridih",
            "Ramgarh",
            "Jhumri Tilaiya",
            "Saunda",
            "Sahibganj",
            "Medininagar (Daltonganj)",
            "Chaibasa",
            "Chatra",
            "Gumia",
            "Dumka",
            "Madhupur",
            "Chirkunda",
            "Pakaur",
            "Simdega",
            "Musabani",
            "Mihijam",
            "Patratu",
            "Lohardaga",
            "Tenu dam-cum-Kathhara"
          ]
        },
        {
          "name": "Chhattisgarh",
          "cities": [
            "Raipur",
            "Bhilai Nagar",
            "Korba",
            "Bilaspur",
            "Durg",
            "Rajnandgaon",
            "Jagdalpur",
            "Raigarh",
            "Ambikapur",
            "Mahasamund",
            "Dhamtari",
            "Chirmiri",
            "Bhatapara",
            "Dalli-Rajhara",
            "Naila Janjgir",
            "Tilda Newra",
            "Mungeli",
            "Manendragarh",
            "Sakti"
          ]
        },
        {
          "name": "Assam",
          "cities": [
            "Guwahati",
            "Silchar",
            "Dibrugarh",
            "Nagaon",
            "Tinsukia",
            "Jorhat",
            "Bongaigaon City",
            "Dhubri",
            "Diphu",
            "North Lakhimpur",
            "Tezpur",
            "Karimganj",
            "Sibsagar",
            "Goalpara",
            "Barpeta",
            "Lanka",
            "Lumding",
            "Mankachar",
            "Nalbari",
            "Rangia",
            "Margherita",
            "Mangaldoi",
            "Silapathar",
            "Mariani",
            "Marigaon"
          ]
        },
        {
          "name": "Chandigarh",
          "cities": [
            "Chandigarh"
          ]
        },
        {
          "name": "Odisha",
          "cities": [
            "Bhubaneswar",
            "Cuttack",
            "Raurkela",
            "Brahmapur",
            "Sambalpur",
            "Puri",
            "Baleshwar Town",
            "Baripada Town",
            "Bhadrak",
            "Balangir",
            "Jharsuguda",
            "Bargarh",
            "Paradip",
            "Bhawanipatna",
            "Dhenkanal",
            "Barbil",
            "Kendujhar",
            "Sunabeda",
            "Rayagada",
            "Jatani",
            "Byasanagar",
            "Kendrapara",
            "Rajagangapur",
            "Parlakhemundi",
            "Talcher",
            "Sundargarh",
            "Phulabani",
            "Pattamundai",
            "Titlagarh",
            "Nabarangapur",
            "Soro",
            "Malkangiri",
            "Rairangpur",
            "Tarbha"
          ]
        },
        {
          "name": "Kerala",
          "cities": [
            "Thiruvananthapuram",
            "Kochi",
            "Kozhikode",
            "Kollam",
            "Thrissur",
            "Palakkad",
            "Alappuzha",
            "Malappuram",
            "Ponnani",
            "Vatakara",
            "Kanhangad",
            "Taliparamba",
            "Koyilandy",
            "Neyyattinkara",
            "Kayamkulam",
            "Nedumangad",
            "Kannur",
            "Tirur",
            "Kottayam",
            "Kasaragod",
            "Kunnamkulam",
            "Ottappalam",
            "Thiruvalla",
            "Thodupuzha",
            "Chalakudy",
            "Changanassery",
            "Punalur",
            "Nilambur",
            "Cherthala",
            "Perinthalmanna",
            "Mattannur",
            "Shoranur",
            "Varkala",
            "Paravoor",
            "Pathanamthitta",
            "Peringathur",
            "Attingal",
            "Kodungallur",
            "Pappinisseri",
            "Chittur-Thathamangalam",
            "Muvattupuzha",
            "Adoor",
            "Mavelikkara",
            "Mavoor",
            "Perumbavoor",
            "Vaikom",
            "Palai",
            "Panniyannur",
            "Guruvayoor",
            "Puthuppally",
            "Panamattom"
          ]
        },
        {
          "name": "Uttarakhand",
          "cities": [
            "Dehradun",
            "Hardwar",
            "Haldwani-cum-Kathgodam",
            "Srinagar",
            "Kashipur",
            "Roorkee",
            "Rudrapur",
            "Rishikesh",
            "Ramnagar",
            "Pithoragarh",
            "Manglaur",
            "Nainital",
            "Mussoorie",
            "Tehri",
            "Pauri",
            "Nagla",
            "Sitarganj",
            "Bageshwar"
          ]
        },
        {
          "name": "Puducherry",
          "cities": [
            "Pondicherry",
            "Karaikal",
            "Yanam",
            "Mahe"
          ]
        },
        {
          "name": "Tripura",
          "cities": [
            "Agartala",
            "Udaipur",
            "Dharmanagar",
            "Pratapgarh",
            "Kailasahar",
            "Belonia",
            "Khowai"
          ]
        },
        {
          "name": "Karnatka",
          "cities": [
            "Mysore"
          ]
        },
        {
          "name": "Mizoram",
          "cities": [
            "Aizawl",
            "Lunglei",
            "Saiha"
          ]
        },
        {
          "name": "Meghalaya",
          "cities": [
            "Shillong",
            "Tura",
            "Nongstoin"
          ]
        },
        {
          "name": "Manipur",
          "cities": [
            "Imphal",
            "Thoubal",
            "Lilong",
            "Mayang Imphal"
          ]
        },
        {
          "name": "Himachal Pradesh",
          "cities": [
            "Shimla",
            "Mandi",
            "Solan",
            "Nahan",
            "Sundarnagar",
            "Palampur"
          ]
        },
        {
          "name": "Nagaland",
          "cities": [
            "Dimapur",
            "Kohima",
            "Zunheboto",
            "Tuensang",
            "Wokha",
            "Mokokchung"
          ]
        },
        {
          "name": "Goa",
          "cities": [
            "Marmagao",
            "Panaji",
            "Margao",
            "Mapusa"
          ]
        },
        {
          "name": "Andaman and Nicobar Islands",
          "cities": [
            "Port Blair"
          ]
        },
        {
          "name": "Arunachal Pradesh",
          "cities": [
            "Naharlagun",
            "Pasighat"
          ]
        },
        {
          "name": "Dadra and Nagar Haveli",
          "cities": [
            "Silvassa"
          ]
        }
      ]
}]